{"root":[{"assemblyName":"endel.nativewebsocket","nameSpace":"","className":"MainThreadUtil","methodName":"Setup","loadTypes":1,"isUnityClass":false},{"assemblyName":"realvirtual.base","nameSpace":"realvirtual","className":"Global","methodName":"Initialize","loadTypes":0,"isUnityClass":false},{"assemblyName":"Unity.VisualScripting.Core","nameSpace":"Unity.VisualScripting","className":"RuntimeVSUsageUtility","methodName":"RuntimeInitializeOnLoadBeforeSceneLoad","loadTypes":1,"isUnityClass":true}]}
